name,cuisines,cuisine,areaSlug,city,state,addressLine,phone,websiteUrl,mapsUrl,priceLevel,highlights,category,writeUp,slug
ChòpnBlọk (Montrose),West African|Modern Nigerian,Nigerian,houston,Houston,TX,"507 Westheimer Rd, Houston TX 77006",(281) 751-7890,https://www.chopnblok.co/,,,Upscale Fast-Casual,Restaurant,,chopnblok-montrose-houston-tx
Aria Suya Kitchen,West African|Nigerian,Nigerian,houston,Houston,TX,"6357 Westheimer Rd, Houston TX 77057",+(832) 831-4372,https://www.ariasuyakitchen.com/,,,West African|Nigerian,Restaurant,,aria-suya-kitchen-houston-tx
Taste of Nigeria,West African|Nigerian,Nigerian,houston,Houston,TX,"5959 Richmond Ave #160, Houston TX 77057",(713) 589-9055,https://tasteofnigeria.us/,,,Delivery,Restaurant,Nigerian / West African spot in Houston. Delivery may be available — check delivery apps for current availability and hours.,taste-of-nigeria-houston-tx
Sarabell Calabar Restaurant & Buffet,West African|Nigerian,West African,houston,Houston,TX,"9801 Bissonnet St Suite C, Houston TX 77036",(713) 814-5253,https://sarabellcalabarrestaurant.com/,,,Dine-in|Curbside pickup|Delivery,Restaurant,West African / Nigerian buffet spot in Houston. Delivery may be available in nearby areas (including around Missouri City) — check delivery apps or their site for current options.,sarabell-calabar-restaurant-and-buffet-houston-tx
Afrikiko,Ghanaian|West African,Ghanaian,houston,Houston,TX,"9625 Bissonnet St, Houston TX 77036",(713) 773-1400,https://afrikikohouston.com/,,,Delivery,Restaurant,Ghanaian / West African restaurant in Houston. Delivery may be available — check delivery apps for current availability.,afrikiko-houston-tx
Finger Licking Restaurant,West African|Nigerian,West African,houston,Houston,TX,"9811 Bissonnet St, Houston TX 77036",(713) 270-7070,https://fingerlickinghtx.com/,,,West African|Nigerian,Restaurant,,finger-licking-restaurant-houston-tx
Safari,West African|Nigerian,West African,houston,Houston,TX,"10014 Bissonnet St, Houston TX 77036",(713) 541-4436,https://thesafarirestaurant.com/,,,Dine-in|Takeout|Delivery,Restaurant,,safari-houston-tx
Sabo Suya Spot,West African|Suya,Nigerian,houston,Houston,TX,"9780 Bissonnet St Ste Q, Houston TX 77036",(832) 768-5973,,,,West African|Suya,Restaurant,,sabo-suya-spot-houston-tx
Suya Hut (Suya Culture),West African|Suya,Nigerian,sugar-land,Meadows Place,TX,"11720 W Airport Blvd #1600, Meadows Place TX 77477",(281) 265-1411,,,,West African|Suya,Restaurant,,suya-hut-suya-culture-meadows-place-tx
Hunan Cafe,West African,West African,houston,Houston,TX,"3645 Cypress Creek Pkwy #368, Houston TX 77068",(281) 891-3383,https://hunanwestafricancuisine.com/,,,West African,Restaurant,,hunan-cafe-houston-tx
Abula HotPot,West African|Nigerian,Nigerian,houston,Houston,TX,"12703 Alief Clodine Rd, Houston TX 77082",(832) 303-4591,https://abulahotpottx.com/,,,West African|Nigerian,Restaurant,,abula-hotpot-houston-tx
Unique African Cuisine,West African|Nigerian,West African,houston,Houston,TX,"6101 Wilcrest Dr, Houston TX 77072",(281) 575-1665,,,,West African|Nigerian,Restaurant,,unique-african-cuisine-houston-tx
Omalicha Kitchen,West African|Nigerian,West African,houston,Houston,TX,"11511 Westheimer Rd, Houston TX 77077",(281) 825-6677,https://omalichakitchen.com/,,,West African|Nigerian,Restaurant,,omalicha-kitchen-houston-tx
Blue Nile,Ethiopian|African,Ethiopian,houston,Houston,TX,"3030 Audley St, Houston TX 77098",(713) 814-5101,https://bluenilerestaurant.com/,,,Ethiopian|African,Restaurant,,blue-nile-houston-tx
Lucy Ethiopian Restaurant & Lounge,Ethiopian,Ethiopian,houston,Houston,TX,"6800 Southwest Fwy, Houston TX 77074",(713) 334-0000,https://www.lucyhouston.com/,,,Ethiopian,Restaurant,,lucy-ethiopian-restaurant-and-lounge-houston-tx
Delight’s Ghanaian Cuisine,Ghanaian|West African,West African,houston,Houston,TX,"14524 Piping Rock Ln, Houston TX 77077",(281) 951-9580,https://order.spoton.com/so-delights-delight-kitchen-3629/houston-tx/6532c4ce2cb4e2003dd65e05,,,Ghanaian|West African,Restaurant,,delights-ghanaian-cuisine-houston-tx
Bantu House,African,West African,katy,Cypress,TX,"22224 Northwest Fwy Ste B, Cypress TX 77429",(281) 256-7455,https://www.bantuhouse.com/,,,African,Restaurant,,bantu-house-cypress-tx
Lagos Buka,Nigerian|African,Nigerian,katy,Katy,TX,"4031 FM-1463 Rd, Katy TX 77494",(281) 394-5244,https://lagosbuka.com/,,,Delivery,Restaurant,"Popular option for Nigerian / African food delivery in the Katy area. For the latest hours and delivery availability, check their website or delivery apps.",lagos-buka-katy-tx
Royal Arm Restaurant African and Caribbean,African|Caribbean,West African,katy,Katy,TX,"23010 Highland Knolls Dr Ste C, Katy TX 77494",(281) 665-8511,https://www.royalarmrestaurant.com/,,,African|Caribbean,Restaurant,,royal-arm-restaurant-african-and-caribbean-katy-tx
Kes Spicy 9Ja Suya Spot,West African|Suya,Nigerian,katy,Katy,TX,"811 S Mason Rd, Katy TX 77450",(832) 412-2309,,,,West African|Suya,Restaurant,,kes-spicy-9ja-suya-spot-katy-tx
Lekki Island Bar & Grill,West African|African,West African,katy,Katy,TX,"25757 Westheimer Pkwy Ste 200, Katy TX 77494",(346) 307-7440,https://lekki-island-bar-and-grill.square.site/,,,West African|African,Restaurant,,lekki-island-bar-and-grill-katy-tx
Ekomi Nigerian Restaurant,Nigerian,Nigerian,katy,Katy,TX,"2811 W Grand Pkwy N Suite D, Katy TX 77449",(346) 387-6031,https://ekomieats.com/,,,Nigerian,Restaurant,,ekomi-nigerian-restaurant-katy-tx
Onyi's Suya,African|Suya,Nigerian,katy,Katy,TX,"5403 E 5th St, Katy TX 77493",(832) 437-0238,http://onyisuya.com/,,,African|Suya,Restaurant,,onyis-suya-katy-tx
Amala Joint,West African|Nigerian,West African,houston,Houston,TX,"6271 S Texas 6, Houston TX 77083",,,,,West African|Nigerian,Restaurant,,amala-joint-houston-tx
The Port of Peri Peri,South African|Peri-Peri,West African,sugar-land,Sugar Land,TX,"2625 Town Center Blvd N, Sugar Land TX 77479",(281) 325-0105,http://www.myperiperi.com/,,,South African|Peri-Peri,Restaurant,,the-port-of-peri-peri-sugar-land-tx
Grains and Solids,West African|Nigerian,West African,sugar-land,Sugar Land,TX,"11134 S Texas 6 Suite 216, Sugar Land TX 77498",(832) 288-2982,https://grainsandsolids.com/,,,Delivery,Restaurant,West African / Nigerian-style dishes in Sugar Land. Delivery may be available — check their website or delivery apps for the most up-to-date options.,grains-and-solids-sugar-land-tx
All Seasons Cafe,Nigerian|African,West African,sugar-land,Sugar Land,TX,"11420 Dairy Ashford Rd, Sugar Land TX 77478",(281) 201-2125,https://allseasonscafetx.com/,,,Delivery,Restaurant,Nigerian / African comfort food in Sugar Land. Delivery may be available — confirm on their website or delivery apps.,all-seasons-cafe-sugar-land-tx
FEYDUPS KITCHEN,Nigerian|African,West African,sugar-land,Sugar Land,TX,"1055 Eldridge Rd Suite 400, Sugar Land TX 77478",(281) 201-2502,,,,Nigerian|African,Restaurant,,feydups-kitchen-sugar-land-tx
JollofBeans LLC,Nigerian|West African,West African,sugar-land,Sugar Land,TX,"11420 Dairy Ashford Rd Suite 104B, Sugar Land TX 77478",(281) 683-7944,http://www.jollofbeans.com,,,Nigerian|West African,Restaurant,,jollofbeans-llc-sugar-land-tx
Amala Manny Foods,West African|Nigerian,West African,sugar-land,Sugar Land,TX,"2919 Lakefield Way, Sugar Land TX 77479",(346) 874-7241,,,,West African|Nigerian,Restaurant,,amala-manny-foods-sugar-land-tx
Zongo,West African|Ghanaian,West African,sugar-land,Richmond,TX,"7035 W Grand Pkwy S #90, Richmond TX 77407",(832) 451-6135,https://zongo-us.business.site/,,,West African|Ghanaian,Restaurant,,zongo-richmond-tx
Rodo Nigerian Cuisine,Nigerian|West African,Nigerian,houston,Richmond,TX,"7324 Grand Mission Blvd, Richmond TX 77407",(281) 762-1175,https://rodonigeriancuisine.com/,,,Nigerian|West African,Restaurant,,rodo-nigerian-cuisine-richmond-tx
Goma's Kitchen,African,West African,sugar-land,Richmond,TX,"8620 Grand Mission Blvd K, Richmond TX 77407",(832) 841-7578,,,,African,Restaurant,,gomas-kitchen-richmond-tx
Star Afrik Cuisine,West African,West African,sugar-land,Rosenberg,TX,"5101 Avenue H #68, Rosenberg TX 77471",(281) 762-0946,,,,West African,Restaurant,,star-afrik-cuisine-rosenberg-tx
Benmond African food and Catering,African,West African,houston,Texas City,TX,"701 Volney St, Texas City TX 77568",(832) 580-4169,,,,African,Restaurant,,benmond-african-food-and-catering-texas-city-tx
African Spices & Soul Food,African|Soul Food,West African,houston,Texas City,TX,"Gulf Fwy, Texas City TX 77568",(737) 225-3885,,,,African|Soul Food,Restaurant,,african-spices-and-soul-food-texas-city-tx
God Grace African Market,African Market,West African,houston,Beaumont,TX,"6120 College St Suite E, Beaumont TX 77707",(409) 347-8288,http://www.godgraceafricanmarket.com,,,Market,Market,,god-grace-african-market-beaumont-tx
Native Pot,African,West African,houston,Houston,TX,"2022 Wilcrest Dr, Houston TX 77042",(832) 359-3779,http://nativepotrestaurant.com/,,,African,Restaurant,,native-pot-houston-tx
Chez Michelle,West African,West African,houston,Houston,TX,"6991 S Texas 6, Houston TX 77083",(281) 372-8925,https://chezmichellerestaurant.com,,,Delivery|Dine-in|Takeout,Restaurant,West African restaurant in Houston with dine-in and takeout. No-contact delivery may be available — check delivery apps or call for current options.,chez-michelle-houston-tx
Anointed Cuisine A Taste of Africa,African|West African|Suya|Jollof,West African,el-paso,El Paso,TX,"3140 N Lee Trevino Dr, El Paso TX 79936",(915) 307-4834,https://anointedatasteofafrica.com,,,Takeout|Market|Delivery,Market + Kitchen,"African / West African favorites (suya, jollof and more). Delivery is often available in El Paso via Uber Eats and DoorDash — check the apps for current hours and coverage.",anointed-cuisine-a-taste-of-africa-el-paso-tx
Dhut African Restaurant,African,West African,el-paso,El Paso,TX,"5757 Will Ruth Ave Ste 310, El Paso TX 79924",(915) 307-3343,https://dhutafrican.com/,https://www.openstreetmap.org/search?query=5757%20Will%20Ruth%20Ave%20Ste%20310%2C%20El%20Paso%20TX%2079924,,Delivery,Restaurant,African food in El Paso. Delivery may be available via third-party platforms — check delivery apps for current availability.,dhut-african-restaurant-el-paso-tx
Debizz Kitchen,African,West African,el-paso,El Paso,TX,"12321 Desert Dove Ave, El Paso TX 79938",(915) 867-2708,,,,Delivery,Restaurant,Small African food spot in El Paso. Delivery may be available — check delivery apps for current availability.,debizz-kitchen-el-paso-tx
Vizo’s African Bar & Restaurant,African|Nigerian|Bar,West African,west-texas,Lubbock,TX,"3131 34th St, Lubbock TX 79410",(806) 701-3680,http://www.vizoslubbock.com/,,,Delivery|Restaurant,Restaurant,African / Nigerian bar & restaurant in Lubbock. Delivery may be available via DoorDash or Uber Eats — check the apps for current availability.,vizos-african-bar-and-restaurant-lubbock-tx
Betty's Kitchen,African,West African,west-texas,Abilene,TX,"2510 Button Willow Ave, Abilene TX 79606",(325) 701-4432,,,,African,Restaurant,,bettys-kitchen-abilene-tx
Afrospice | Authentic African Food In The RGV,African,West African,south-texas,McAllen,TX,"4400 N 23rd St #156, McAllen TX 78504",(956) 627-2244,http://afrospicergv.com/,,,African,Restaurant,,afrospice-authentic-african-food-in-the-rgv-mcallen-tx
JC African & Caribbean Food Store,African|Caribbean|Market,West African,south-texas,McAllen,TX,"1915 N 10th St Ste A, McAllen TX 78501",(956) 682-6700,https://www.africanfoodstores.com,,,Market,Market,,jc-african-and-caribbean-food-store-mcallen-tx
Somali African Safari Restaurant,Somali|East African,West African,west-texas,Amarillo,TX,"5945 E Amarillo Blvd, Amarillo TX 79107",(806) 471-0490,https://somalisafari.top/,,,Also listed as African Safari Restaurant,Restaurant,,somali-african-safari-restaurant-amarillo-tx
Felicia’s African Food LLC,African|West African|Nigerian,West African,west-texas,Amarillo,TX,"2795 SW 45th Ave, Amarillo TX 79110",(806) 674-3252,https://usmaperx.org/details/felicia-s-african-food-llc-ChIJtZk,,,African|West African|Nigerian,Restaurant,,felicias-african-food-llc-amarillo-tx
Somali Restaurant Bulsho,Somali|African,West African,west-texas,Amarillo,TX,"2380 Fritch Hwy, Amarillo TX 79108",(806) 316-2490,https://somalibulsho.top/,,,Somali|African,Restaurant,,somali-restaurant-bulsho-amarillo-tx
Marhaba Eritrean and Ethiopian Cuisine and Market,Eritrean|Ethiopian|Market,Ethiopian,west-texas,Amarillo,TX,"2522 Paramount Blvd, Amarillo TX 79109",(806) 367-6077,https://marhabarestaurant.wordpress.com/,,,Restaurant + Market,Market + Kitchen,,marhaba-eritrean-and-ethiopian-cuisine-and-market-amarillo-tx
AFROO DINING,African,West African,west-texas,Amarillo,TX,"3313 S Georgia St, Amarillo TX 79109",(806) 471-0402,https://www.afroodining.com/,,,African,Restaurant,,afroo-dining-amarillo-tx
Dakar Street Food (Ghost Kitchen),Senegalese|West African,West African,houston,Houston,TX,"2616 Blodgett St, Houston TX 77004",(281) 846-6420,https://dakarstreetfood.com/,,,Ghost kitchen|Ghost Kitchen,Ghost Kitchen,,dakar-street-food-ghost-kitchen-houston-tx
Kofoshi,West African,West African,houston,Houston,TX,"3706 S Gessner Rd, Houston, TX 77063",(346) 252-2336,,,,West African,Restaurant,,kofoshi-houston-tx
Fabaceae African Cuisine Inc.,African,West African,houston,Houston,TX,"10021 S Main St Bldg 7, Houston TX 77025",(512) 840-0855,http://www.fabaceaecuisine.com/,,,African,Restaurant,,fabaceae-african-cuisine-houston-tx
EJIDE AFRICAN RESTAURANT AND BAR,West African,West African,houston,Houston,TX,"10571 Synott Rd, Houston TX 77099",(281) 965-8121,https://ddsejideafricanrestaurant.com/,,,West African,Restaurant,,ejide-african-restaurant-and-bar-houston-tx
Authentic African Restaurant & Bar,West African,West African,houston,Houston,TX,"9705 Synott Rd Suite 107, Houston TX 77083",832-529-9010,https://authenticafricanfoods.com/,,,West African,Restaurant,,authentic-african-restaurant-and-bar-houston-tx
Marie African Flavors,African,West African,houston,Houston,TX,"12600 Bissonnet St Ste A7, Houston TX 77099",(832) 771-8778,https://marieafricanflavorsrestaurant.com,,,African,Restaurant,,marie-african-flavors-houston-tx
Aburi Cuisine,African,West African,houston,Houston,TX,"13655 Bissonnet St Suite 204, Houston TX 77083",(346) 774-2122,,,,African,Restaurant,,aburi-cuisine-houston-tx
Suya on the Spot,West African|Suya,Nigerian,houston,Houston,TX,"3418 S Texas 6 Suite C, Houston TX 77082",(346) 252-3158,https://www.suyaonthespot.com/,,,Dine-in|Takeout|Delivery,Restaurant,,suya-on-the-spot-houston-tx
FuFu Restaurant (West African influence),West African,West African,houston,Houston,TX,"11810 Bellaire Blvd Ste A, Houston TX 77072",(713) 981-8818,https://fufurestaurant.com/,,,West African,Restaurant,,fufu-restaurant-west-african-influence-houston-tx
KomChop,West African|Nigerian,West African,houston,Houston,TX,"14144 Westheimer Rd #120, Houston TX 77077",(281) 741-3571,https://www.komchop.com/,,,West African|Nigerian,Restaurant,,komchop-houston-tx
Olatee African Cafe,West African,West African,houston,Spring,TX,"409 Sawdust Rd, Spring TX 77380",(832) 850-3440,https://www.olateeafricancafe.com/,,,Delivery,Restaurant,West African cafe in Spring (Greater Houston). Delivery may be available — check delivery apps for current availability.,olatee-african-cafe-spring-tx
Alief African Kitchen,West African|African,West African,houston,Houston,TX,"9755 S Kirkwood Rd D, Houston TX 77099",(281) 968-1810,https://aliefafricanfoodkitchen.shopsettings.com/,,,West African|African,Restaurant,,alief-african-kitchen-houston-tx
Desta Ethiopian Restaurant,Ethiopian,Ethiopian,dfw,Dallas,TX,"12101 Greenville Ave, Dallas TX 75243",(214) 760-7221,http://destaethiopian.com/,,,Ethiopian,Restaurant,,desta-ethiopian-restaurant-dallas-tx
Lalibela Ethiopian Restaurant & Bar,Ethiopian,Ethiopian,dfw,Dallas,TX,"9191 Forest Ln #2, Dallas TX 75243",(972) 792-8442,https://lalibeladallastx.com/,,,Ethiopian,Restaurant,,lalibela-ethiopian-restaurant-dallas-tx
Addis Abeba Ethiopian Restaurant,Ethiopian,Ethiopian,dfw,Richardson,TX,"100 Central Expy Ste 65, Richardson TX 75080",(469) 319-9604,https://addisabebarestauranttx.com/,,,Ethiopian,Restaurant,,addis-abeba-ethiopian-restaurant-richardson-tx
West African Way,West African,West African,dfw,Plano,TX,"1405 Jupiter Rd #116, Plano TX 75074",(972) 424-2634,,,,West African,Restaurant,,west-african-way-plano-tx
Jollof Haus - West African Flavors,West African|Nigerian,West African,dfw,Allen,TX,"945 W Stacy Rd #130, Allen TX 75013",(972) 332-8185,https://jollofhauz.com/,,,West African|Nigerian,Restaurant,,jollof-haus-west-african-flavors-allen-tx
Exotic Grill African Cuisine,African,West African,dfw,Euless,TX,"415 N Main St #102, Euless TX 76039",(817) 587-1551,https://exoticafricangrill.site/,,,African,Restaurant,,exotic-grill-african-cuisine-euless-tx
Osuma Suya,Nigerian|Suya,Nigerian,dfw,McKinney,TX,"5121 Collin McKinney Pkwy #1100, McKinney TX 75070",(214) 226-7815,http://osumasuya.com/,,,Nigerian|Suya,Restaurant,,osuma-suya-mckinney-tx
Osuma Suya,Nigerian|Suya,Nigerian,houston,Houston,TX,"3306 Highway 6 S Unit 100, Houston TX 77082",(346) 357-3778,http://osumasuya.com/,,,Nigerian|Suya,Restaurant,,osuma-suya-houston-tx
Suya Stop Inc.,Nigerian|Suya,Nigerian,dfw,Grand Prairie,TX,"311 E Pioneer Pkwy #B, Grand Prairie TX 75051",(817) 966-9808,http://www.suyastop.com,,,Nigerian|Suya,Restaurant,,suya-stop-inc-grand-prairie-tx
THE SPOT (Rhosabjal African cuisine),African|West African,West African,dfw,Fort Worth,TX,"3386 Cimmaron Trail, Fort Worth TX 76116",(682) 347-1941,,,,African|West African,Restaurant,,the-spot-rhosabjal-african-cuisine-fort-worth-tx
Rhosabjal Cuisine,African,West African,dfw,Fort Worth,TX,"8533 Camp Bowie W Blvd, Fort Worth TX 76116",,,,,Food truck|Pop-up,Food Truck,,rhosabjal-cuisine-fort-worth-tx
LeAnna Chop Grill,African,West African,dfw,Fort Worth,TX,"2200 Brookes St Unit A, Fort Worth TX 76105",(817) 720-6677,,,,African,Restaurant,,leanna-chop-grill-fort-worth-tx
Aminatas Kitchen,West African,West African,dfw,Fort Worth,TX,"525 King George Dr, Fort Worth TX 76112",(817) 720-3333,,,,West African,Restaurant,,aminatas-kitchen-fort-worth-tx
OLORI African Cuisine and Event Catering,African,West African,dfw,Fort Worth,TX,"6248 McCart Ave, Fort Worth TX 76133",+(469) 306-7318,http://oloriafricancuisine.net/,,,Catering,Restaurant,,olori-african-cuisine-and-event-catering-fort-worth-tx
Uncle G'z Flavors,African,West African,dfw,Haltom City,TX,"5005 Denton Hwy, Haltom City TX 76117",(817) 744-8898,,,,African,Restaurant,,uncle-gz-flavors-haltom-city-tx
Tam Tam Zings Bar & Grill,African|BBQ,West African,dfw,Richland Hills,TX,"7224 Glenview Dr, Richland Hills TX 76180",(817) 537-2059,http://www.zingscafe.com,,,Fusion,Restaurant,,tam-tam-zings-bar-and-grill-richland-hills-tx
Osuma Suya,Nigerian|Suya,Nigerian,dfw,Euless,TX,"918 E Harwood Rd Ste B, Euless TX 76039",(817) 358-1511,http://osumasuya.com/,,,Nigerian|Suya,Restaurant,,osuma-suya-euless-tx
African Village,West African,West African,dfw,Irving,TX,"3003 N Belt Line Rd, Irving TX 75062",(972) 570-1111,https://africanvillagerestauranttx.com/,,,West African,Restaurant,,african-village-irving-tx
Lola's Restaurant & Lounge,West African|Nigerian,West African,dfw,Irving,TX,"3435 N Belt Line Rd, Irving TX 75062",(972) 514-1111,https://www.lolasafricanrestaurant.com/,,,West African|Nigerian,Restaurant,,lolas-restaurant-and-lounge-irving-tx
African pride Food and kitchen,West African,West African,dfw,Arlington,TX,"5504 Matlock Rd, Arlington TX 76018",(817) 753-7962,,,,West African,Restaurant,,african-pride-food-and-kitchen-arlington-tx
ChefTemii - Nigerian Restaurant & Catering,West African|Nigerian,Nigerian,dfw,Arlington,TX,"1900 W Arbrook Blvd Ste 116, Arlington TX 76015",(214) 603-1413,http://www.cheftemii.com/,,,Catering,Restaurant,,cheftemii-nigerian-restaurant-and-catering-arlington-tx
Fufudelight & Suya Kitchen,African|Suya,Nigerian,dfw,Arlington,TX,"6401 New York Ave #149, Arlington TX 76018",(817) 896-3372,https://www.fufudelightsuyakitchen.com/,,,African|Suya,Restaurant,,fufudelight-and-suya-kitchen-arlington-tx
Angie Winners Kitchen,African,West African,dfw,Arlington,TX,"2905 E Arkansas Ln Ste 100, Arlington TX 76010",(972) 854-6161,https://angiewinnerskitchen.com/,,,African,Restaurant,,angie-winners-kitchen-arlington-tx
Yemsade Restaurant,African,West African,dfw,Grand Prairie,TX,"3007 S Carrier Pkwy, Grand Prairie TX 75052",(469) 757-0100,,,,African,Restaurant,,yemsade-restaurant-grand-prairie-tx
Lagos Kitchen,African,Nigerian,dfw,Lewisville,TX,"1320 Main St, Lewisville TX 75067",(469) 444-3286,https://www.lagos-kitchen.com,,,African,Restaurant,,lagos-kitchen-lewisville-tx
Lady T Kitchen African Restaurant,Nigerian|African,West African,austin,Pflugerville,TX,"15608 Spring Hill Ln Ste 102, Pflugerville TX 78660",(512) 712-5716,http://www.ladytkitchen.com/,,,Nigerian|African,Restaurant,,lady-t-kitchen-african-restaurant-pflugerville-tx
South African Food Affair,South African,West African,austin,Austin,TX,"71 Rainey St, Austin TX 78701",(425) 780-2481,https://www.safoodaffair.com,,,Food truck,Food Truck,,south-african-food-affair-austin-tx
Oringo Africana,West African|Nigerian,West African,san-antonio,San Antonio,TX,"111 Probandt St, San Antonio TX 78204",(726) 229-7587,http://oringo-africana.square.site/,,,West African|Nigerian,Restaurant,,oringo-africana-san-antonio-tx
Palatable Nigerian Cuisine,Nigerian|African,Nigerian,austin,Austin,TX,"5610 N Interstate Hwy 35, Austin TX 78751",(512) 383-5738,https://www.orderpalatablecuisine.com,,,Nigerian|African,Restaurant,,palatable-nigerian-cuisine-austin-tx
Nigerian Restaurant / African Market,Nigerian|African Market,Nigerian,austin,Austin,TX,"10805 N Lamar Blvd Ste J, Austin TX 78753",(512) 351-9311,,,,Market,Market,,nigerian-restaurant-african-market-austin-tx
Red Sea Kitchen (Ethiopian Food Truck),Ethiopian|Eritrean,Ethiopian,austin,Austin,TX,"2902 E Cesar Chavez St, Austin TX 78702",+(512) 584-5139,http://www.redseakitchenatx.com,,,Food truck,Food Truck,,red-sea-kitchen-ethiopian-food-truck-austin-tx
Amen Cafe Eritrean & Ethiopian,Ethiopian|Eritrean,Ethiopian,san-antonio,San Antonio,TX,"5115 Fredericksburg Rd, San Antonio TX 78229",(512) 940-3349,https://amen.cafe/,,,Ethiopian|Eritrean,Restaurant,,amen-cafe-eritrean-and-ethiopian-san-antonio-tx
African Village Ethiopian Restaurant,Ethiopian|East African,Ethiopian,san-antonio,San Antonio,TX,"10918 Wurzbach Rd #131, San Antonio TX 78230",(210) 467-5102,https://ethiopiandining.com/restaurants/african-village-ethiopian-restaurant/,,,Ethiopian|East African,Restaurant,,african-village-ethiopian-restaurant-san-antonio-tx
Wazobia African Market & Kitchen,African Market|Kitchen,West African,houston,Houston,TX,"10828 Beechnut St, Houston TX 77072",(832) 243-6449,,,,African Market|Kitchen,Market + Kitchen,,wazobia-african-market-and-kitchen-houston-tx
Bodija Foods,African Market|Grocery,West African,houston,Houston,TX,"10814 S Gessner Rd, Houston TX 77071",(713) 393-7322,https://texasafricangrocery.com,,,African Market|Grocery,Market + Kitchen,,bodija-african-food-market-houston-tx
Yenat Guada Ethiopian Cuisine,Ethiopian,Ethiopian,dfw,Dallas,TX,"7015 Greenville Ave Ste 300, Dallas TX 75231",(469) 547-1624,https://yenatguada.com/,,,Ethiopian,Restaurant,,yenat-guada-ethiopian-cuisine-dallas-tx
Sheba’s Ethiopian Kitchen,Ethiopian,Ethiopian,dfw,Dallas,TX,"8989 Forest Ln, Dallas TX 75243",(214) 570-8828,,,,Ethiopian,Restaurant,,shebas-ethiopian-kitchen-dallas-tx
Trices Cafe and Lounge,African,West African,san-antonio,San Antonio,TX,"7600 Eckhert Rd #3, San Antonio TX 78240",(210) 806-7770,https://www.tricescafeandlounge.com/,,,Lounge/Dining,Restaurant,,trices-cafe-and-lounge-san-antonio-tx
TASTE AFRIK,African|West African,West African,dfw,Mansfield,TX,"2881 FM157 Suit 103, Mansfield TX 76063",(682) 323-7609,http://www.tasteafrik.com/,,,African|West African,Restaurant,,taste-afrik-mansfield-tx
Cubana Grille | African & Jamaican Restaurant in McKinney Texas,West African|Jamaican|Caribbean,West African,dfw,McKinney,TX,"4051 S Custer Rd Suite 1160, McKinney TX 75070",(214) 548-4821,https://cubanagrille.com/,,,West African|Jamaican|Caribbean,Restaurant,,cubana-grille-african-and-jamaican-restaurant-in-mckinney-texas-mckinney-tx
Aunty Mimi's Kitchen,African,West African,central-texas,Killeen,TX,"3804 W Stan Schlueter Loop #102, Killeen TX 76549",(254) 213-3152,https://auntymimiskitchen.com/,,,African,Restaurant,,aunty-mimis-kitchen-killeen-tx
Ubuntu Cuisine,West African,West African,san-antonio,San Antonio,TX,"11116 Wurzbach Rd, San Antonio TX 78230",(210) 465-9502,https://ubuntucuisine.com/,,,West African,Restaurant,,ubuntu-cuisine-san-antonio-tx
Wazobia Kitchen,African,West African,houston,Houston,TX,"16203 Westheimer Rd, Houston TX 77082",(832) 230-3894,http://wazobiaafricankitchen.com/,,,African,Restaurant,,wazobia-kitchen-houston-tx
Mgbeke Village Hut - Nigerian Cuisine,Nigerian|African,Nigerian,austin,Leander,TX,"825 Palamos Dr, Leander TX 78641",(413) 777-7990,https://mgbeke.com/product-category/village-hut%F0%9F%9B%96/,,,Nigerian|African,Restaurant,,mgbeke-village-hut-nigerian-cuisine-leander-tx
Blessliz African Market & Kitchen,African Market|Grocery,West African,dfw,McKinney,TX,"1502 W University Dr, McKinney TX 75069",(469) 666-4144,https://blessliz.com/,,,Market-Kitchen,Market + Kitchen,,blessliz-african-market-mckinney-tx
Suya Power House,West African|Suya|Nigerian,Nigerian,houston,Missouri City,TX,"15703 Homebriar Ct Bldg 15703, Missouri City TX 77489",(832) 757-5536,https://www.suyapowerhouse.us/,,,Delivery,Restaurant,West African suya + Nigerian-inspired dishes in Missouri City. Delivery is often available in the Houston area — check delivery apps for current coverage.,suya-power-house-missouri-city-tx
Aria Nigerian Suya Kitchen,West African|Nigerian|Suya,Nigerian,houston,Pearland,TX,"3300 Business Center Dr Ste 150, Pearland TX 77584",+(832) 831-4372,https://www.ariasuyakitchen.com/,,,Delivery,Restaurant,West African / Nigerian dishes in Pearland (Greater Houston). Delivery may be available — check delivery apps for current availability.,aria-nigerian-suya-kitchen-pearland-tx
Kaylani African Cafe,African,West African,houston,Pearland,TX,"7129 Broadway St, Pearland TX 77581",(832) 736-8178,,,,African,Restaurant,,kaylani-african-cafe-pearland-tx
Glozi Calabar Restaurant and African Cuisine,West African,West African,houston,Houston,TX,"12825 Westheimer Rd, Houston TX",(281) 741-0042,,,,Takeout|Delivery,Restaurant,West African / Calabar-style food in Houston. Takeout and delivery may be available via third-party platforms (availability can vary).,glozi-calabar-restaurant-and-african-cuisine-houston-tx
Amala Zone,West African,West African,houston,Houston,TX,"14815 Westheimer Rd, Houston TX",(281) 741-0042,,,,West African,Restaurant,,amala-zone-houston-tx
African Tasty Hub,West African,West African,houston,Houston,TX,"13505 Westheimer Rd, Houston TX",(346) 520-8347,,,,West African,Restaurant,,african-tasty-hub-houston-tx
Rhay's,West African,West African,houston,Houston,TX,"11920 Westheimer Rd #J, Houston TX",(832) 993-9428,,,,West African,Restaurant,,rhays-houston-tx
HoneyKaz,West African,West African,houston,Houston,TX,"17113 Westheimer Rd, Houston TX",(346) 907-5105,,,,West African,Restaurant,,honeykaz-houston-tx
KFFO Afro Steakhouse,West African|Steakhouse,West African,houston,Houston,TX,"14097 Westheimer Rd, Houston TX",(346) 241-9895,,,,West African|Steakhouse,Restaurant,,kffo-afro-steakhouse-houston-tx
Vioni Grill,West African|Grill,West African,houston,Houston,TX,"2703 S Texas 6 Suite 127, Houston TX 77082",(832) 328-1188,,,,West African|Grill,Restaurant,,vioni-grill-houston-tx
Crave Suya,West African|Suya,Nigerian,houston,Houston,TX,"8633 Richmond Ave, Houston TX 77063",(281) 607-5564,,,,West African|Suya,Restaurant,,crave-suya-houston-tx
Royal Point,West African,West African,houston,Houston,TX,"3533 S Dairy Ashford Rd Suite I, Houston TX 77082",(346) 335-7181,,,,West African,Restaurant,,royal-point-houston-tx
Famous Princess African Kitchen,West African,West African,houston,Houston,TX,"17036 W Little York Rd, Houston TX 77084",(281) 815-5443,https://thefpak.start.page/,,,Dine-in|Takeout|Delivery,Restaurant,,famous-princess-african-kitchen-houston-tx
Bole King,West African,West African,houston,Houston,TX,"7030 Addicks Clodine Rd #101, Houston TX 77083",(346) 391-1656,,,,West African,Restaurant,,bole-king-houston-tx
Dee Titolat African Restaurant,West African,West African,houston,Houston,TX,"11965 Bissonnet St Ste 110, Houston TX",(713) 234-7186,,,,West African,Restaurant,,dee-titolat-african-restaurant-houston-tx
Ewatomi,West African,West African,houston,Houston,TX,"15000 Bellaire Blvd Ste Q, Houston TX",(346) 406-3829,,,,West African,Restaurant,,ewatomi-houston-tx
Glam Divine Treats,West African|Desserts,West African,houston,Houston,TX,"6788 Synott Rd, Houston TX 77083",(346) 335-7116,,,,West African|Desserts,Restaurant,,glam-divine-treats-houston-tx
Supreme Seafood & Suya,West African|Suya|Seafood,Nigerian,sugar-land,Richmond,TX,"7039 FM 1464 Suite 110, Richmond TX 77407",(832) 539-1605,,,,West African|Suya|Seafood,Restaurant,,supreme-seafood-and-suya-houston-tx
Chef Benny,West African,West African,houston,Houston,TX,"10010 Bissonnet St, Houston TX 77036",(832) 834-3127,,,,Dine-in|Curbside pickup|Delivery,Restaurant,,chef-benny-houston-tx
042 Restaurant,Nigerian|Fusion,West African,houston,Houston,TX,"13711 Westheimer Rd B-1, Houston TX",(713) 282-5320,,,,Nigerian|Fusion,Restaurant,,042-restaurant-houston-tx
Nini Kitchen,West African,West African,houston,Houston,TX,"7627 Cook Rd, Houston TX 77072",(346) 352-3277,,,,West African,Restaurant,,nini-kitchen-houston-tx
Grill Master African Restaurant,West African|Grill,West African,houston,Houston,TX,"9755 S Kirkwood Rd Ste D, Houston TX 77099",(832) 672-8874,,,,West African|Grill,Restaurant,,grill-master-african-restaurant-houston-tx
Cafe De Vivre,West African,West African,houston,Houston,TX,"14165 Bissonnet St Suite P, Houston TX",(281) 835-4574,,,,West African,Restaurant,,cafe-de-vivre-houston-tx
Traditional Food Restaurant,West African,West African,houston,Houston,TX,"11214 Plainfield St #B, Houston TX",(832) 831-9899,,,,West African,Restaurant,,traditional-food-restaurant-houston-tx
African Food Embassy,West African,West African,houston,Houston,TX,"18311 Clay Rd Suite A4, Houston TX",(346) 252-2445,,,,West African,Restaurant,,african-food-embassy-houston-tx
The Afro Eatery,West African,West African,houston,Houston,TX,"2352 S Dairy Ashford Rd, Houston TX 77077",(832) 230-0504,,,,Dine-in|Takeout,Restaurant,,the-afro-eatery-houston-tx
Mama Jollof Restaurant,West African,West African,houston,Houston,TX,"8330 W Bellfort Ave Ste C, Houston TX 77071",(346) 204-5863,,,,Dine-in|Takeout,Restaurant,,mama-jollof-restaurant-houston-tx
United Sisters,West African,West African,houston,Houston,TX,"8731 W Bellfort Ave, Houston TX 77071",(713) 995-5545,,,,West African,Restaurant,,united-sisters-houston-tx
Dsnailspot,West African|Seafood,West African,houston,Houston,TX,"9020 S Texas 6, Houston TX 77083",(832) 831-3185,,,,West African|Seafood,Restaurant,,dsnailspot-houston-tx
Horn of Africa,Ethiopian,West African,houston,Houston,TX,"5930 Renwick Dr Suite B, Houston TX 77081",(713) 838-1111,,,,Dine-in|Takeout,Restaurant,,horn-of-africa-houston-tx
Amazing Street Beans,West African,West African,houston,Houston,TX,"18324 Clay Rd, Houston TX",(281) 236-6257,,,,West African,Restaurant,,amazing-street-beans-houston-tx
Nazareth Cafe,Ethiopian,West African,houston,Houston,TX,"6617 Chimney Rock Rd, Houston TX 77081",(713) 664-0260,,,,Dine-in|Takeout,Restaurant,,nazareth-cafe-houston-tx
The Motherland Restaurant & Grill,West African,West African,houston,Houston,TX,"10101 Bissonnet St Ste F, Houston TX",(281) 888-9717,,,,West African,Restaurant,,the-motherland-restaurant-and-grill-houston-tx
Osite African Hot Pot,West African|Hot Pot,West African,houston,Houston,TX,"11919 Bissonnet St, Houston TX",(713) 270-4444,,,,West African|Hot Pot,Restaurant,,osite-african-hot-pot-houston-tx
EKO Bistro Fusion,West African|Fusion,West African,houston,Houston,TX,"2472 S Texas 6, Houston TX 77077",(281) 888-6671,http://www.ekobistro.org,,,Dine-in|Takeout|Delivery,Restaurant,Tex-Naija (Nigerian-inspired) fusion in Houston. Dine-in and takeout are available; delivery options may be available via third-party platforms.,eko-bistro-fusion-houston-tx
Mr. Suyaa,West African|Suya,Nigerian,houston,Houston,TX,"10887 S Wilcrest Dr, Houston TX",(281) 809-3171,,,,West African|Suya,Restaurant,,mr-suyaa-houston-tx
The Icon Nigerian Kitchen,Nigerian|West African,Nigerian,dfw,Richardson,TX,"430 N Coit Rd #120, Richardson TX 75080",(469) 917-7001,https://theiconkitchen.com/,,,Lounge/Dining,Restaurant,,the-icon-nigerian-kitchen-richardson-tx
Gidi Bar and Grill,Nigerian|West African,West African,dfw,Frisco,TX,"4350 Main St Ste 165, Frisco TX 75034",(972) 987-5195,https://www.gidibarandgrill.com/,,,Lounge/Grill,Restaurant,,gidi-bar-and-grill-frisco-tx
Lady T Kitchen,African,West African,austin,Austin,TX,"13776 US-183 #115, Austin TX 78750",(512) 552-7779,http://ladytkitchen.com/,,,Restaurant,Restaurant,,lady-t-kitchen-austin-tx
Mabel's African Cuisine & Bar,West African,West African,dfw,McKinney,TX,Delivery/Outpost - McKinney TX,,https://mabelsafricancuisine.com/,,,Delivery,Restaurant,,mabels-african-cuisine-and-bar-mckinney-tx
Southwest Farmers Market & Kitchen,African Market|Grocery,West African,dfw,Arlington,TX,"1011 E Arkansas Ln, Arlington TX 76010",(817) 462-1617,https://www.southwestfarmersmarket.com/,,,Market-Kitchen|Multiple locations,Market + Kitchen,,southwest-farmers-market-and-kitchen-arlington-tx
Southwest Farmers Market & Kitchen,African Market|Grocery,West African,austin,Austin,TX,"9821 N Interstate Hwy 35, Austin TX 78753",(817) 462-1617,https://www.southwestfarmersmarket.com/,,,Market-Kitchen|Multiple locations,Market + Kitchen,,southwest-farmers-market-and-kitchen-austin-tx
Southwest Farmers Market & Kitchen,African Market|Grocery,West African,san-antonio,San Antonio,TX,"6555 Bandera Rd, San Antonio TX 78238",(817) 462-1617,https://www.southwestfarmersmarket.com/,,,Market-Kitchen|Multiple locations,Market + Kitchen,,southwest-farmers-market-and-kitchen-san-antonio-tx
Southwest Farmers Market & Kitchen,African Market|Grocery,West African,houston,Houston,TX,"9801 Bissonnet St, Houston TX 77036",(817) 462-1617,https://www.southwestfarmersmarket.com/,,,Market-Kitchen|Multiple locations,Market + Kitchen,,southwest-farmers-market-and-kitchen-houston-tx
Habesha Restaurant,Ethiopian,West African,austin,Austin,TX,"6019 N Interstate Hwy 35, Austin TX 78723",(512) 407-6830,http://habeshaaustin.com/,,,Ethiopian,Restaurant,,habesha-restaurant-austin-tx
Freshnez Kitchen (Food Truck),African,West African,dfw,Dallas,TX,Mobile - DFW Metroplex,(214) 434-9333,https://freshnezkitchen.com/,,,Food truck,Food Truck,,freshnez-kitchen-food-truck-dallas-tx
Aso Rock Market & Kitchen,African Market|Grocery,West African,dfw,Dallas,TX,"9220 Skillman St #115, Dallas TX 75243",(214) 343-1300,http://asorockmarket.com/,,,African Market|Grocery,Market + Kitchen,,aso-rock-market-and-kitchen-dallas-tx
Blue Nile Ethiopian,Ethiopian,Ethiopian,houston,Houston,TX,"9400 Richmond Ave, Houston TX 77063",(713) 814-5101,http://bluenilehouston.com/,,,Ethiopian,Restaurant,,blue-nile-ethiopian-houston-tx
Abula Hot Pot,Nigerian,Nigerian,houston,Houston,TX,"9400 Richmond Ave, Houston TX 77063",,,,,Nigerian,Restaurant,,abula-hot-pot-richmond-ave-houston-tx
Nando's PERi-PERi (Post Oak),South African|Peri-Peri,West African,houston,Houston,TX,"1717-C Post Oak Blvd, Houston TX 77056",(832) 669-9930,https://www.nandosperiperi.com/,,,South African|Peri-Peri,Restaurant,,nandos-peri-peri-post-oak-houston-tx
Bukka Grill,Nigerian|West African,West African,dfw,Frisco,TX,"307 Main St, Frisco TX 75036",(214) 494-2553,https://bukkagrill.com/,,,Restaurant,Restaurant,,bukka-grill-frisco-tx
Makola Marketplace,African Market|Kitchen|Grocery,West African,houston,Houston,TX,"9051 W Bellfort Ave, Houston TX 77031",(713) 995-4343,,,,Market|Kitchen|In-store pickup,Market + Kitchen,,makola-marketplace-houston-tx
3tees Shawarma,West African|Shawarma,West African,houston,Houston,TX,"13974 Westheimer Rd, Houston TX 77077",(281) 272-6903,https://3teeshawarma.com/,,,Dine-in|Takeout|Delivery,Restaurant,,3tees-shawarma-houston-tx
Holyland Halal Meat Grocery,African Market|Kitchen|Grocery,West African,houston,Houston,TX,"9801 Bissonnet St Suite H, Houston TX 77036",(713) 271-5000,https://holyland-meat-grocery.edan.io/,,,Market|Kitchen|Halal,Market + Kitchen,,holyland-halal-meat-grocery-houston-tx
Nando's PERi-PERi (Montrose),South African|Peri-Peri,West African,houston,Houston,TX,"1201 Westheimer Rd, Houston TX 77006",(713) 529-1000,https://www.nandosperiperi.com/,,,South African|Peri-Peri,Restaurant,,nandos-peri-peri-montrose-houston-tx
Augustine's (Creole-African),Afro-Creole|Creole,West African,houston,Houston,TX,"Hotel King David, Houston TX 77004",,,,,Afro-Creole|Creole,Restaurant,,augustines-creole-african-houston-tx
Tailat Kitchen,Nigerian,West African,central-texas,Austin,TX,"10805 N Lamar Blvd, Austin TX 78753",(512) 832-5382,,,,Nigerian,Restaurant,,tailat-kitchen-austin-tx
Palatable Nigeria Cuisine,Nigerian,Nigerian,central-texas,Pflugerville,TX,"2715 Paragon Fox Dr, Pflugerville TX 78660",(512) 383-5738,,,,Nigerian,Restaurant,,palatable-nigeria-cuisine-pflugerville-tx
Merit Coffee (African Source),African Coffee|Coffee,West African,houston,Houston,TX,"621 Waverly St, Houston TX 77007",,,,,Coffee house,Restaurant,,merit-coffee-african-source-houston-tx
Aria Suya (Wilcrest Ghost),West African|Nigerian|Suya,Nigerian,houston,Houston,TX,"2022 Wilcrest Dr, Houston TX 77042",(832) 732-2284,,,,Ghost kitchen,Ghost Kitchen,,aria-suya-wilcrest-ghost-houston-tx
Dupsy's Kitchen (Ghost),Nigerian,West African,houston,Houston,TX,"2616 Blodgett St, Houston TX 77004",(281) 888-5177,,,,Ghost kitchen,Ghost Kitchen,,dupsys-kitchen-ghost-houston-tx
Honey Dip Fingers,Nigerian,West African,dfw,McKinney,TX,"Delivery/Outpost, McKinney TX 75071",,,,,Delivery|Outpost,Restaurant,,honey-dip-fingers-mckinney-tx
Calabar Pot,Nigerian,West African,dfw,Frisco,TX,"Delivery/Outpost, Frisco TX 75034",,,,,Delivery|Outpost,Restaurant,,calabar-pot-frisco-tx
Eko Bistro,Nigerian,West African,houston,Houston,TX,"13150 FM 529 Ste 104, Houston TX 77041",(346) 244-5961,,,,Nigerian,Restaurant,,eko-bistro-houston-tx
Salt N Pepper,Nigerian,West African,dfw,Garland,TX,"4460 W Walnut St, Garland TX 75042",(214) 703-8181,,,,Nigerian,Restaurant,,salt-n-pepper-garland-tx
Signature African,Nigerian,West African,houston,Houston,TX,"6333 Richmond Ave, Houston TX 77057",(832) 732-2284,,,,Nigerian,Restaurant,,signature-african-houston-tx
Southwest Farmers Kitchen,African Market|Grocery,West African,dfw,Frisco,TX,"7070 Preston Rd, Frisco TX 75035",(972) 292-9608,https://www.southwestfarmersmarket.com/,,,Market-Kitchen|Multiple locations,Market + Kitchen,,southwest-farmers-kitchen-frisco-tx
Southwest Farmers Kitchen,African Market|Grocery,West African,dfw,Garland,TX,"4460 W Walnut St, Garland TX 75042",(214) 703-8181,https://www.southwestfarmersmarket.com/,,,Market-Kitchen|Multiple locations,Market + Kitchen,,southwest-farmers-kitchen-garland-tx